List 1,List 2,List 3,List 4,List 5,List 6,List 7,List 8,List 9,List 10,List 11,List 12,List 13,List 14,List 15,List 16,List 17
breath,awake,sign,glue,ounce,glory,earth,wildlife,bargain,human,conflict,actual,formal,scrubbed,tiring,duties,lately
wobble,feast,groan,flute,sprawi,aware,peer,uproar,journey,exact,orphan,cruel,whistle,listening,borrowed,earlier,settlement
blister,stray,reply,youth,launch,cartoon,twirl,home run,pattern,award,instant,influence,label,stunned,freezing,loveliest,watchful
crush,greet,thrown,accuse,loyal,adore,burnt,headache,arrive,behave,complex,diet,puzzle,knitting,delivered,denied,countless
direct,praise,strike,bruise,avoid,aboard,smear,top-secret,object,credit,simply,museum,legal,carpeting,whispered,ferries,steadily
promise,disease,mighty,stew,basketball,dairy,further,teammate,suppose,basic,burglar,casual,angle,wandered,losing,sunnier,closeness
grasp,repeat,stroll,choose,moist,ordeal,appear,wheelchair,shoulder,vivid,laundry,ruin,normal,gathering,decided,terrified,calmly
numb,display,compose,loose,haunt,pardon,worthwhile,light bulb,permit,evil,laughter,pioneer,needle,beginning,amazing,abilities,government
hymn,brace,dough,lose,scowl,warn,nerve,well-known,sorrow,modern,employ,trial,angel,skimmed,performing,dirtier,agreement
shovel,thief,height,view,naughty,vary,pier,throughout,tunnel,nation,anchor,visual,pupil,chatting,resulting,scariest,cloudiness
gravity,ashamed,excite,confuse,destroy,barely,squirm,life preserver,subject,robot,merchant,realize,struggle,shrugged,related,trophies,delightful
frantic,sleeve,apply,cruise,saucer,barrier,weary,hairstyle,custom,panic,improve,create,level,bothering,attending,cozier,noisily
swift,brain,slight,barbecue,pounce,blowtorch,alert,part-time,suggest,select,arctic,riot,local,whipped,amazing,enemies,tardiness
feather,beneath,define,cruise,poison,barge,murmur,warehouse,perhaps,cousin,mischief,genuine,bicycle,quizzed,performing,iciest,forgetful
comic,sheepish,odor,jewel,August,soar,thirsty,overboard,lawyer,item,childhood,area,channel,suffering,resulting,greediest,forgiveness
bundle,release,spider,execute,auction,beware,reverse,post office,timber,police,purchase,annual,global,scanned,related,drowsier,harmless
solid,remain,control,route,royal,absorb,worship,outspoken,common,prefer,dolphin,audio,stumble,ordered,attending,victories,enjoyment
weather,sway,silent,cartoon,coward,armor,acre,up-to-date,publish,menu,partner,dial,quarrel,totaled,damaged,horrified,appointment
energy,training,brighten,avenue,awkward,stairway,frontier,awestruck,burden,novel,complain,theater,article,answered,remarked,memories,effortless
stingy,niece,approached,spruce,encounter,perform,preservation,newscast,scissors,deserve,tremble,patriot,fossil,upsetting,practicing,strategies,plentiful
adjective,feature,commotion,assume,autograph,external,eyewitness,former,discard,career,substitute,patriotic,bungle,permitting,supported,unified,suspenseful
shrugged,stationary,confide,computer,avoidable,orchestra,research,adorable,volunteer,playwright,illustrate,auditory,fragile,preferred,united,memorial,seriousness
suggest,exceed,propose,include,awesome,ignore,preference,laser,motorcycle,attempt,conscience,theatrical,decibel,admitted,expected,victorious,suspiciously
pessimist,terrain,excitement,souvenir,employ,logic,extraordinary,annoy,national,parcel,function,influential,gerbil,glistening,amusing,strategic,merciless