List 1,List 2,List 3,List 4,List 5,List 6,List 7,List 8,List 9,List 10,List 11,List 12,List 13,List 14,List 15
blade,west,skill,block,bunch,bloom,aloud,spark,learn,rising,wiped,turkey,tiniest,risky,glance
gray,steep,crime,shown,fruit,cookbook,bald,prepare,dirty,traced,covered,lonely,hobbies,track,misjudge
past,member,grind,oatmeal,argue,tool,hawk,cheer,worn,stripped,mapped,gallery,copied,topic,damage
quake,gleam,tonight,wrote,crumb,shampoo,south,tear,sore,slammed,pleasing,steady,countries,blank,package
magic,fresh,brick,fellow,crew,put,faucet,scarf,thirst,dancing,slipped,hungry,pitied,question,twice
delay,freedom,flight,scold,tune,wool,proud,scare,burn,striped,putting,valley,easier,pocket,stage
amaze,speed,live,coast,juice,stool,claw,repair,record,winning,traveled,hockey,laziest,monkey,carriage
drain,steam,chill,odd,refuse,proof,tower,earring,cure,snapping,seeking,starry,families,junk,since
maybe,beast,delight,locate,truth,prove,stalk,scarce,board,bragging,visiting,melody,spied,equal,practice
break,believe,build,slope,young,group,couple,weird,course,handled,mixed,movie,happiest,ache,marriage
sale,speck,ditch,throat,clue,brook,howl,sharp,worth,dripped,shipped,duty,ladies,public,baggage
hang,kept,decide,host,trunk,foolish,false,rear,early,begged,phoning,drowsy,friendlier,attack,office
stain,cheap,witness,online,amuse,bush,dawn,spare,return,dared,offered,chimney,studied,struck,message
glass,pretend,wind,shock,suit,crooked,allow,gear,pure,skipped,smelling,plenty,busier,earthquake,science
raft,greed,district,solve,rude,booth,drown,hairy,world,hitting,hiking,daily,breezier,picnic,chance
jail,shelf,inch,known,trust,raccoon,pause,compare,search,spotted,checking,alley,prettiest,banker,notice
crayon,least,sigh,remote,dew,hook,fault,alarm,worse,raced,fainted,fifty,noisier,electric,manage
fact,eager,fright,stock,stuck,groom,cause,harsh,thirteen,dimmed,landed,empty,healthier,blanket,palace
stale,reason,remind,boast,rescue,roof,amount,upstairs,sport,spinning,becoming,injury,butterflies,mistake,bandage
steak,chief,splice,globe,brush,soup,cloudier,square,current,escaped,wandering,prairie,funniest,stomach,furnace
ashamed,complete,spinning,borrow,undercover,cartoon,author,aware,worthwhile,forgetting,honored,colony,memories,youngster,average
remain,sleeve,ticket,compose,bruise,choose,sprawl,pardon,foreword,admitted,modeling,eerie,terrified,quaver,justice
grasp,engine,surprise,rocket,accuse,childhood,ounce,career,research,equaled,securing,angry,scariest,attic,knowledge
exact,defend,brighten,doctor,stew,bookstore,coward,weary,further,glistening,shuddered,melodious,victories,slingshot,fragrance